sitename,cultivar
MAC Field Scanner Season 6 Range 1 Column 1,SP1516
MAC Field Scanner Season 6 Range 1 Column 2,SP1516
MAC Field Scanner Season 6 Range 1 Column 3,SP1516
MAC Field Scanner Season 6 Range 1 Column 4,SP1516
MAC Field Scanner Season 6 Range 1 Column 5,SP1516
MAC Field Scanner Season 6 Range 1 Column 6,SP1516
MAC Field Scanner Season 6 Range 1 Column 7,SP1516
MAC Field Scanner Season 6 Range 1 Column 8,SP1516
MAC Field Scanner Season 6 Range 1 Column 9,SP1516
MAC Field Scanner Season 6 Range 1 Column 10,SP1516
MAC Field Scanner Season 6 Range 1 Column 11,SP1516
MAC Field Scanner Season 6 Range 1 Column 12,SP1516
MAC Field Scanner Season 6 Range 1 Column 13,SP1516
MAC Field Scanner Season 6 Range 1 Column 14,SP1516
MAC Field Scanner Season 6 Range 1 Column 15,SP1516
MAC Field Scanner Season 6 Range 1 Column 16,SP1516
MAC Field Scanner Season 6 Range 2 Column 1,SP1516
MAC Field Scanner Season 6 Range 2 Column 2,SP1516
MAC Field Scanner Season 6 Range 2 Column 3,SP1516
MAC Field Scanner Season 6 Range 2 Column 4,SP1516
MAC Field Scanner Season 6 Range 2 Column 5,SP1516
MAC Field Scanner Season 6 Range 2 Column 6,SP1516
MAC Field Scanner Season 6 Range 2 Column 7,SP1516
MAC Field Scanner Season 6 Range 2 Column 8,SP1516
MAC Field Scanner Season 6 Range 2 Column 9,SP1516
MAC Field Scanner Season 6 Range 2 Column 10,SP1516
MAC Field Scanner Season 6 Range 2 Column 11,SP1516
MAC Field Scanner Season 6 Range 2 Column 12,SP1516
MAC Field Scanner Season 6 Range 2 Column 13,SP1516
MAC Field Scanner Season 6 Range 2 Column 14,SP1516
MAC Field Scanner Season 6 Range 2 Column 15,SP1516
MAC Field Scanner Season 6 Range 2 Column 16,SP1516
MAC Field Scanner Season 6 Range 3 Column 1,SP1516
MAC Field Scanner Season 6 Range 3 Column 2,SP1516
MAC Field Scanner Season 6 Range 3 Column 3,SP1516
MAC Field Scanner Season 6 Range 3 Column 4,SP1516
MAC Field Scanner Season 6 Range 3 Column 5,SP1516
MAC Field Scanner Season 6 Range 3 Column 6,SP1516
MAC Field Scanner Season 6 Range 3 Column 7,SP1516
MAC Field Scanner Season 6 Range 3 Column 8,PI329440
MAC Field Scanner Season 6 Range 3 Column 9,PI329440
MAC Field Scanner Season 6 Range 3 Column 10,SP1516
MAC Field Scanner Season 6 Range 3 Column 11,SP1516
MAC Field Scanner Season 6 Range 3 Column 12,SP1516
MAC Field Scanner Season 6 Range 3 Column 13,SP1516
MAC Field Scanner Season 6 Range 3 Column 14,SP1516
MAC Field Scanner Season 6 Range 3 Column 15,SP1516
MAC Field Scanner Season 6 Range 3 Column 16,SP1516
MAC Field Scanner Season 6 Range 4 Column 1,SP1516
MAC Field Scanner Season 6 Range 4 Column 2,PI563020
MAC Field Scanner Season 6 Range 4 Column 3,PI570031
MAC Field Scanner Season 6 Range 4 Column 4,PI330182
MAC Field Scanner Season 6 Range 4 Column 5,PI570110
MAC Field Scanner Season 6 Range 4 Column 6,PI585452
MAC Field Scanner Season 6 Range 4 Column 7,PI570400
MAC Field Scanner Season 6 Range 4 Column 8,PI329711
MAC Field Scanner Season 6 Range 4 Column 9,PI570091
MAC Field Scanner Season 6 Range 4 Column 10,PI653617
MAC Field Scanner Season 6 Range 4 Column 11,PI521152
MAC Field Scanner Season 6 Range 4 Column 12,PI153877
MAC Field Scanner Season 6 Range 4 Column 13,PI145626
MAC Field Scanner Season 6 Range 4 Column 14,PI329673
MAC Field Scanner Season 6 Range 4 Column 15,PI329394
MAC Field Scanner Season 6 Range 4 Column 16,SP1516
MAC Field Scanner Season 6 Range 5 Column 1,SP1516
MAC Field Scanner Season 6 Range 5 Column 2,PI569455
MAC Field Scanner Season 6 Range 5 Column 3,PI563355
MAC Field Scanner Season 6 Range 5 Column 4,PI646242
MAC Field Scanner Season 6 Range 5 Column 5,PI152816
MAC Field Scanner Season 6 Range 5 Column 6,PI152961
MAC Field Scanner Season 6 Range 5 Column 7,PI569264
MAC Field Scanner Season 6 Range 5 Column 8,PI569420
MAC Field Scanner Season 6 Range 5 Column 9,PI651497
MAC Field Scanner Season 6 Range 5 Column 10,PI641824
MAC Field Scanner Season 6 Range 5 Column 11,PI329546
MAC Field Scanner Season 6 Range 5 Column 12,PI221548
MAC Field Scanner Season 6 Range 5 Column 13,PI453696
MAC Field Scanner Season 6 Range 5 Column 14,PI152694
MAC Field Scanner Season 6 Range 5 Column 15,PI329256
MAC Field Scanner Season 6 Range 5 Column 16,SP1516
MAC Field Scanner Season 6 Range 6 Column 1,SP1516
MAC Field Scanner Season 6 Range 6 Column 2,PI329570
MAC Field Scanner Season 6 Range 6 Column 3,PI221651
MAC Field Scanner Season 6 Range 6 Column 4,PI156326
MAC Field Scanner Season 6 Range 6 Column 5,PI585577
MAC Field Scanner Season 6 Range 6 Column 6,PI570388
MAC Field Scanner Season 6 Range 6 Column 7,PI330858
MAC Field Scanner Season 6 Range 6 Column 8,PI619807
MAC Field Scanner Season 6 Range 6 Column 9,PI641815
MAC Field Scanner Season 6 Range 6 Column 10,PI156217
MAC Field Scanner Season 6 Range 6 Column 11,PI155760
MAC Field Scanner Season 6 Range 6 Column 12,PI213900
MAC Field Scanner Season 6 Range 6 Column 13,PI585608
MAC Field Scanner Season 6 Range 6 Column 14,PI562994
MAC Field Scanner Season 6 Range 6 Column 15,PI157804
MAC Field Scanner Season 6 Range 6 Column 16,SP1516
MAC Field Scanner Season 6 Range 7 Column 1,SP1516
MAC Field Scanner Season 6 Range 7 Column 2,PI330195
MAC Field Scanner Season 6 Range 7 Column 3,PI330184
MAC Field Scanner Season 6 Range 7 Column 4,PI329466
MAC Field Scanner Season 6 Range 7 Column 5,PI569244
MAC Field Scanner Season 6 Range 7 Column 6,PI452692
MAC Field Scanner Season 6 Range 7 Column 7,PI329550
MAC Field Scanner Season 6 Range 7 Column 8,PI569427
MAC Field Scanner Season 6 Range 7 Column 9,PI329471
MAC Field Scanner Season 6 Range 7 Column 10,PI570373
MAC Field Scanner Season 6 Range 7 Column 11,PI452619
MAC Field Scanner Season 6 Range 7 Column 12,PI563006
MAC Field Scanner Season 6 Range 7 Column 13,PI154750
MAC Field Scanner Season 6 Range 7 Column 14,PI506030
MAC Field Scanner Season 6 Range 7 Column 15,PI570076
MAC Field Scanner Season 6 Range 7 Column 16,SP1516
MAC Field Scanner Season 6 Range 8 Column 1,SP1516
MAC Field Scanner Season 6 Range 8 Column 2,PI527045
MAC Field Scanner Season 6 Range 8 Column 3,PI655978
MAC Field Scanner Season 6 Range 8 Column 4,PI540518
MAC Field Scanner Season 6 Range 8 Column 5,PI585467
MAC Field Scanner Season 6 Range 8 Column 6,PI154988
MAC Field Scanner Season 6 Range 8 Column 7,PI524475
MAC Field Scanner Season 6 Range 8 Column 8,PI179749
MAC Field Scanner Season 6 Range 8 Column 9,PI329518
MAC Field Scanner Season 6 Range 8 Column 10,PI564163
MAC Field Scanner Season 6 Range 8 Column 11,PI570042
MAC Field Scanner Season 6 Range 8 Column 12,PI646266
MAC Field Scanner Season 6 Range 8 Column 13,PI329632
MAC Field Scanner Season 6 Range 8 Column 14,PI570071
MAC Field Scanner Season 6 Range 8 Column 15,PI329518
MAC Field Scanner Season 6 Range 8 Column 16,SP1516
MAC Field Scanner Season 6 Range 9 Column 1,SP1516
MAC Field Scanner Season 6 Range 9 Column 2,PI506069
MAC Field Scanner Season 6 Range 9 Column 3,PI641850
MAC Field Scanner Season 6 Range 9 Column 4,PI273969
MAC Field Scanner Season 6 Range 9 Column 5,PI156393
MAC Field Scanner Season 6 Range 9 Column 6,PI257600
MAC Field Scanner Season 6 Range 9 Column 7,PI152730
MAC Field Scanner Season 6 Range 9 Column 8,PI569418
MAC Field Scanner Season 6 Range 9 Column 9,PI455301
MAC Field Scanner Season 6 Range 9 Column 10,PI329645
MAC Field Scanner Season 6 Range 9 Column 11,PI570114
MAC Field Scanner Season 6 Range 9 Column 12,PI196598
MAC Field Scanner Season 6 Range 9 Column 13,PI455217
MAC Field Scanner Season 6 Range 9 Column 14,PI152923
MAC Field Scanner Season 6 Range 9 Column 15,PI329618
MAC Field Scanner Season 6 Range 9 Column 16,SP1516
MAC Field Scanner Season 6 Range 10 Column 1,SP1516
MAC Field Scanner Season 6 Range 10 Column 2,PI152967
MAC Field Scanner Season 6 Range 10 Column 3,PI505722
MAC Field Scanner Season 6 Range 10 Column 4,PI152966
MAC Field Scanner Season 6 Range 10 Column 5,PI562985
MAC Field Scanner Season 6 Range 10 Column 6,PI653616
MAC Field Scanner Season 6 Range 10 Column 7,PI145633
MAC Field Scanner Season 6 Range 10 Column 8,PI22913
MAC Field Scanner Season 6 Range 10 Column 9,PI19770
MAC Field Scanner Season 6 Range 10 Column 10,PI563329
MAC Field Scanner Season 6 Range 10 Column 11,PI569419
MAC Field Scanner Season 6 Range 10 Column 12,PI156330
MAC Field Scanner Season 6 Range 10 Column 13,PI562998
MAC Field Scanner Season 6 Range 10 Column 14,PI330199
MAC Field Scanner Season 6 Range 10 Column 15,PI154844
MAC Field Scanner Season 6 Range 10 Column 16,SP1516
MAC Field Scanner Season 6 Range 11 Column 1,SP1516
MAC Field Scanner Season 6 Range 11 Column 2,PI563196
MAC Field Scanner Season 6 Range 11 Column 3,PI170787
MAC Field Scanner Season 6 Range 11 Column 4,PI257599
MAC Field Scanner Season 6 Range 11 Column 5,PI156268
MAC Field Scanner Season 6 Range 11 Column 6,PI562897
MAC Field Scanner Season 6 Range 11 Column 7,PI510757
MAC Field Scanner Season 6 Range 11 Column 8,PI643008
MAC Field Scanner Season 6 Range 11 Column 9,PI273465
MAC Field Scanner Season 6 Range 11 Column 10,PI329519
MAC Field Scanner Season 6 Range 11 Column 11,PI455307
MAC Field Scanner Season 6 Range 11 Column 12,PI229841
MAC Field Scanner Season 6 Range 11 Column 13,PI651491
MAC Field Scanner Season 6 Range 11 Column 14,PI569462
MAC Field Scanner Season 6 Range 11 Column 15,PI563350
MAC Field Scanner Season 6 Range 11 Column 16,SP1516
MAC Field Scanner Season 6 Range 12 Column 1,SP1516
MAC Field Scanner Season 6 Range 12 Column 2,PI563002
MAC Field Scanner Season 6 Range 12 Column 3,PI641817
MAC Field Scanner Season 6 Range 12 Column 4,PI576401
MAC Field Scanner Season 6 Range 12 Column 5,PI655972
MAC Field Scanner Season 6 Range 12 Column 6,PI329435
MAC Field Scanner Season 6 Range 12 Column 7,PI576399
MAC Field Scanner Season 6 Range 12 Column 8,PI593916
MAC Field Scanner Season 6 Range 12 Column 9,PI35038
MAC Field Scanner Season 6 Range 12 Column 10,PI533902
MAC Field Scanner Season 6 Range 12 Column 11,PI513898
MAC Field Scanner Season 6 Range 12 Column 12,PI656065
MAC Field Scanner Season 6 Range 12 Column 13,PI569422
MAC Field Scanner Season 6 Range 12 Column 14,PI651496
MAC Field Scanner Season 6 Range 12 Column 15,PI329614
MAC Field Scanner Season 6 Range 12 Column 16,SP1516
MAC Field Scanner Season 6 Range 13 Column 1,SP1516
MAC Field Scanner Season 6 Range 13 Column 2,PI297171
MAC Field Scanner Season 6 Range 13 Column 3,PI562732
MAC Field Scanner Season 6 Range 13 Column 4,PI656035
MAC Field Scanner Season 6 Range 13 Column 5,PI620072
MAC Field Scanner Season 6 Range 13 Column 6,PI562982
MAC Field Scanner Season 6 Range 13 Column 7,PI156487
MAC Field Scanner Season 6 Range 13 Column 8,PI157035
MAC Field Scanner Season 6 Range 13 Column 9,PI585454
MAC Field Scanner Season 6 Range 13 Column 10,PI641810
MAC Field Scanner Season 6 Range 13 Column 11,PI569452
MAC Field Scanner Season 6 Range 13 Column 12,PI144134
MAC Field Scanner Season 6 Range 13 Column 13,PI329286
MAC Field Scanner Season 6 Range 13 Column 14,PI276837
MAC Field Scanner Season 6 Range 13 Column 15,PI570087
MAC Field Scanner Season 6 Range 13 Column 16,SP1516
MAC Field Scanner Season 6 Range 14 Column 1,SP1516
MAC Field Scanner Season 6 Range 14 Column 2,PI218112
MAC Field Scanner Season 6 Range 14 Column 3,PI329478
MAC Field Scanner Season 6 Range 14 Column 4,PI533998
MAC Field Scanner Season 6 Range 14 Column 5,PI570106
MAC Field Scanner Season 6 Range 14 Column 6,PI570109
MAC Field Scanner Season 6 Range 14 Column 7,PI641830
MAC Field Scanner Season 6 Range 14 Column 8,PI152965
MAC Field Scanner Season 6 Range 14 Column 9,PI180348
MAC Field Scanner Season 6 Range 14 Column 10,PI535796
MAC Field Scanner Season 6 Range 14 Column 11,PI329326
MAC Field Scanner Season 6 Range 14 Column 12,PI641821
MAC Field Scanner Season 6 Range 14 Column 13,PI526905
MAC Field Scanner Season 6 Range 14 Column 14,PI641807
MAC Field Scanner Season 6 Range 14 Column 15,PI562971
MAC Field Scanner Season 6 Range 14 Column 16,SP1516
MAC Field Scanner Season 6 Range 15 Column 1,SP1516
MAC Field Scanner Season 6 Range 15 Column 2,PI267573
MAC Field Scanner Season 6 Range 15 Column 3,PI570085
MAC Field Scanner Season 6 Range 15 Column 4,PI330803
MAC Field Scanner Season 6 Range 15 Column 5,PI337680
MAC Field Scanner Season 6 Range 15 Column 6,PI563032
MAC Field Scanner Season 6 Range 15 Column 7,PI646251
MAC Field Scanner Season 6 Range 15 Column 8,PI569886
MAC Field Scanner Season 6 Range 15 Column 9,PI569460
MAC Field Scanner Season 6 Range 15 Column 10,PI562991
MAC Field Scanner Season 6 Range 15 Column 11,PI146890
MAC Field Scanner Season 6 Range 15 Column 12,PI152591
MAC Field Scanner Season 6 Range 15 Column 13,PI155885
MAC Field Scanner Season 6 Range 15 Column 14,PI506114
MAC Field Scanner Season 6 Range 15 Column 15,PI330181
MAC Field Scanner Season 6 Range 15 Column 16,SP1516
MAC Field Scanner Season 6 Range 16 Column 1,SP1516
MAC Field Scanner Season 6 Range 16 Column 2,PI145619
MAC Field Scanner Season 6 Range 16 Column 3,PI155516
MAC Field Scanner Season 6 Range 16 Column 4,PI563330
MAC Field Scanner Season 6 Range 16 Column 5,PI329584
MAC Field Scanner Season 6 Range 16 Column 6,PI152862
MAC Field Scanner Season 6 Range 16 Column 7,PI563331
MAC Field Scanner Season 6 Range 16 Column 8,PI330169
MAC Field Scanner Season 6 Range 16 Column 9,PI330196
MAC Field Scanner Season 6 Range 16 Column 10,PI641829
MAC Field Scanner Season 6 Range 16 Column 11,PI505717
MAC Field Scanner Season 6 Range 16 Column 12,PI521280
MAC Field Scanner Season 6 Range 16 Column 13,PI570074
MAC Field Scanner Season 6 Range 16 Column 14,PI563022
MAC Field Scanner Season 6 Range 16 Column 15,PI642998
MAC Field Scanner Season 6 Range 16 Column 16,SP1516
MAC Field Scanner Season 6 Range 17 Column 1,SP1516
MAC Field Scanner Season 6 Range 17 Column 2,PI534165
MAC Field Scanner Season 6 Range 17 Column 3,PI569264
MAC Field Scanner Season 6 Range 17 Column 4,PI52606
MAC Field Scanner Season 6 Range 17 Column 5,PI641825
MAC Field Scanner Season 6 Range 17 Column 6,PI569445
MAC Field Scanner Season 6 Range 17 Column 7,PI641836
MAC Field Scanner Season 6 Range 17 Column 8,PI656015
MAC Field Scanner Season 6 Range 17 Column 9,PI535794
MAC Field Scanner Season 6 Range 17 Column 10,PI217691
MAC Field Scanner Season 6 Range 17 Column 11,PI330807
MAC Field Scanner Season 6 Range 17 Column 12,PI152651
MAC Field Scanner Season 6 Range 17 Column 13,PI561840
MAC Field Scanner Season 6 Range 17 Column 14,PI534120
MAC Field Scanner Season 6 Range 17 Column 15,PI152828
MAC Field Scanner Season 6 Range 17 Column 16,SP1516
MAC Field Scanner Season 6 Range 18 Column 1,SP1516
MAC Field Scanner Season 6 Range 18 Column 2,PI514456
MAC Field Scanner Season 6 Range 18 Column 3,PI297155
MAC Field Scanner Season 6 Range 18 Column 4,PI563338
MAC Field Scanner Season 6 Range 18 Column 5,PI569453
MAC Field Scanner Season 6 Range 18 Column 6,PI570254
MAC Field Scanner Season 6 Range 18 Column 7,PI329864
MAC Field Scanner Season 6 Range 18 Column 8,PI643016
MAC Field Scanner Season 6 Range 18 Column 9,PI586435
MAC Field Scanner Season 6 Range 18 Column 10,PI570096
MAC Field Scanner Season 6 Range 18 Column 11,PI573193
MAC Field Scanner Season 6 Range 18 Column 12,PI156871
MAC Field Scanner Season 6 Range 18 Column 13,PI195754
MAC Field Scanner Season 6 Range 18 Column 14,PI152730
MAC Field Scanner Season 6 Range 18 Column 15,PI585961
MAC Field Scanner Season 6 Range 18 Column 16,SP1516
MAC Field Scanner Season 6 Range 19 Column 1,SP1516
MAC Field Scanner Season 6 Range 19 Column 2,PI655983
MAC Field Scanner Season 6 Range 19 Column 3,PI329511
MAC Field Scanner Season 6 Range 19 Column 4,PI297155
MAC Field Scanner Season 6 Range 19 Column 5,PI455221
MAC Field Scanner Season 6 Range 19 Column 6,PI329545
MAC Field Scanner Season 6 Range 19 Column 7,PI213900
MAC Field Scanner Season 6 Range 19 Column 8,PI154944
MAC Field Scanner Season 6 Range 19 Column 9,PI329510
MAC Field Scanner Season 6 Range 19 Column 10,PI455280
MAC Field Scanner Season 6 Range 19 Column 11,PI651495
MAC Field Scanner Season 6 Range 19 Column 12,PI329333
MAC Field Scanner Season 6 Range 19 Column 13,PI157030
MAC Field Scanner Season 6 Range 19 Column 14,PI570431
MAC Field Scanner Season 6 Range 19 Column 15,PI154844
MAC Field Scanner Season 6 Range 19 Column 16,SP1516
MAC Field Scanner Season 6 Range 20 Column 1,SP1516
MAC Field Scanner Season 6 Range 20 Column 2,PI329501
MAC Field Scanner Season 6 Range 20 Column 3,PI535792
MAC Field Scanner Season 6 Range 20 Column 4,PI535795
MAC Field Scanner Season 6 Range 20 Column 5,PI569443
MAC Field Scanner Season 6 Range 20 Column 6,PI562981
MAC Field Scanner Season 6 Range 20 Column 7,PI641909
MAC Field Scanner Season 6 Range 20 Column 8,PI197542
MAC Field Scanner Season 6 Range 20 Column 9,PI566819
MAC Field Scanner Season 6 Range 20 Column 10,PI570073
MAC Field Scanner Season 6 Range 20 Column 11,PI569421
MAC Field Scanner Season 6 Range 20 Column 12,PI585966
MAC Field Scanner Season 6 Range 20 Column 13,PI656026
MAC Field Scanner Season 6 Range 20 Column 14,PI329506
MAC Field Scanner Season 6 Range 20 Column 15,PI569422
MAC Field Scanner Season 6 Range 20 Column 16,SP1516
MAC Field Scanner Season 6 Range 21 Column 1,SP1516
MAC Field Scanner Season 6 Range 21 Column 2,PI569457
MAC Field Scanner Season 6 Range 21 Column 3,PI154987
MAC Field Scanner Season 6 Range 21 Column 4,PI535785
MAC Field Scanner Season 6 Range 21 Column 5,PI620157
MAC Field Scanner Season 6 Range 21 Column 6,PI452542
MAC Field Scanner Season 6 Range 21 Column 7,PI506122
MAC Field Scanner Season 6 Range 21 Column 8,PI329605
MAC Field Scanner Season 6 Range 21 Column 9,PI641835
MAC Field Scanner Season 6 Range 21 Column 10,PI569447
MAC Field Scanner Season 6 Range 21 Column 11,PI92270
MAC Field Scanner Season 6 Range 21 Column 12,PI651496
MAC Field Scanner Season 6 Range 21 Column 13,PI641862
MAC Field Scanner Season 6 Range 21 Column 14,PI152733
MAC Field Scanner Season 6 Range 21 Column 15,PI641860
MAC Field Scanner Season 6 Range 21 Column 16,SP1516
MAC Field Scanner Season 6 Range 22 Column 1,SP1516
MAC Field Scanner Season 6 Range 22 Column 2,PI569148
MAC Field Scanner Season 6 Range 22 Column 3,PI511355
MAC Field Scanner Season 6 Range 22 Column 4,PI337689
MAC Field Scanner Season 6 Range 22 Column 5,PI329351
MAC Field Scanner Season 6 Range 22 Column 6,PI152860
MAC Field Scanner Season 6 Range 22 Column 7,PI251672
MAC Field Scanner Season 6 Range 22 Column 8,PI563021
MAC Field Scanner Season 6 Range 22 Column 9,PI156178
MAC Field Scanner Season 6 Range 22 Column 10,PI329301
MAC Field Scanner Season 6 Range 22 Column 11,PI329843
MAC Field Scanner Season 6 Range 22 Column 12,PI152771
MAC Field Scanner Season 6 Range 22 Column 13,PI329310
MAC Field Scanner Season 6 Range 22 Column 14,PI562781
MAC Field Scanner Season 6 Range 22 Column 15,PI562970
MAC Field Scanner Season 6 Range 22 Column 16,SP1516
MAC Field Scanner Season 6 Range 23 Column 1,SP1516
MAC Field Scanner Season 6 Range 23 Column 2,PI329338
MAC Field Scanner Season 6 Range 23 Column 3,PI156463
MAC Field Scanner Season 6 Range 23 Column 4,PI569423
MAC Field Scanner Season 6 Range 23 Column 5,PI329585
MAC Field Scanner Season 6 Range 23 Column 6,PI570038
MAC Field Scanner Season 6 Range 23 Column 7,PI329480
MAC Field Scanner Season 6 Range 23 Column 8,PI156890
MAC Field Scanner Season 6 Range 23 Column 9,PI569465
MAC Field Scanner Season 6 Range 23 Column 10,PI619838
MAC Field Scanner Season 6 Range 23 Column 11,PI63715
MAC Field Scanner Season 6 Range 23 Column 12,PI641807
MAC Field Scanner Season 6 Range 23 Column 13,PI303658
MAC Field Scanner Season 6 Range 23 Column 14,PI330833
MAC Field Scanner Season 6 Range 23 Column 15,PI176766
MAC Field Scanner Season 6 Range 23 Column 16,SP1516
MAC Field Scanner Season 6 Range 24 Column 1,SP1516
MAC Field Scanner Season 6 Range 24 Column 2,PI641892
MAC Field Scanner Season 6 Range 24 Column 3,PI329665
MAC Field Scanner Season 6 Range 24 Column 4,PI566819
MAC Field Scanner Season 6 Range 24 Column 5,PI152971
MAC Field Scanner Season 6 Range 24 Column 6,PI569097
MAC Field Scanner Season 6 Range 24 Column 7,PI562997
MAC Field Scanner Season 6 Range 24 Column 8,PI329699
MAC Field Scanner Season 6 Range 24 Column 9,PI255239
MAC Field Scanner Season 6 Range 24 Column 10,PI266927
MAC Field Scanner Season 6 Range 24 Column 11,PI329702
MAC Field Scanner Season 6 Range 24 Column 12,PI297130
MAC Field Scanner Season 6 Range 24 Column 13,PI330796
MAC Field Scanner Season 6 Range 24 Column 14,PI562990
MAC Field Scanner Season 6 Range 24 Column 15,PI196586
MAC Field Scanner Season 6 Range 24 Column 16,SP1516
MAC Field Scanner Season 6 Range 25 Column 1,SP1516
MAC Field Scanner Season 6 Range 25 Column 2,PI563332
MAC Field Scanner Season 6 Range 25 Column 3,PI167093
MAC Field Scanner Season 6 Range 25 Column 4,PI329517
MAC Field Scanner Season 6 Range 25 Column 5,PI329319
MAC Field Scanner Season 6 Range 25 Column 6,PI329841
MAC Field Scanner Season 6 Range 25 Column 7,PI175919
MAC Field Scanner Season 6 Range 25 Column 8,PI330185
MAC Field Scanner Season 6 Range 25 Column 9,PI586541
MAC Field Scanner Season 6 Range 25 Column 10,PI562730
MAC Field Scanner Season 6 Range 25 Column 11,PI154846
MAC Field Scanner Season 6 Range 25 Column 12,PI563295
MAC Field Scanner Season 6 Range 25 Column 13,PI329632
MAC Field Scanner Season 6 Range 25 Column 14,PI329473
MAC Field Scanner Season 6 Range 25 Column 15,PI570075
MAC Field Scanner Season 6 Range 25 Column 16,SP1516
MAC Field Scanner Season 6 Range 26 Column 1,SP1516
MAC Field Scanner Season 6 Range 26 Column 2,PI196583
MAC Field Scanner Season 6 Range 26 Column 3,PI570145
MAC Field Scanner Season 6 Range 26 Column 4,PI329644
MAC Field Scanner Season 6 Range 26 Column 5,PI641807
MAC Field Scanner Season 6 Range 26 Column 6,PI329465
MAC Field Scanner Season 6 Range 26 Column 7,PI563009
MAC Field Scanner Season 6 Range 26 Column 8,PI569444
MAC Field Scanner Season 6 Range 26 Column 9,PI570090
MAC Field Scanner Season 6 Range 26 Column 10,PI585406
MAC Field Scanner Season 6 Range 26 Column 11,PI302252
MAC Field Scanner Season 6 Range 26 Column 12,PI569458
MAC Field Scanner Season 6 Range 26 Column 13,PI329300
MAC Field Scanner Season 6 Range 26 Column 14,PI525049
MAC Field Scanner Season 6 Range 26 Column 15,PI563222
MAC Field Scanner Season 6 Range 26 Column 16,SP1516
MAC Field Scanner Season 6 Range 27 Column 1,SP1516
MAC Field Scanner Season 6 Range 27 Column 2,PI329646
MAC Field Scanner Season 6 Range 27 Column 3,PI585954
MAC Field Scanner Season 6 Range 27 Column 4,PI329710
MAC Field Scanner Season 6 Range 27 Column 5,PI329541
MAC Field Scanner Season 6 Range 27 Column 6,PI583832
MAC Field Scanner Season 6 Range 27 Column 7,PI505735
MAC Field Scanner Season 6 Range 27 Column 8,PI329865
MAC Field Scanner Season 6 Range 27 Column 9,PI196049
MAC Field Scanner Season 6 Range 27 Column 10,PI521019
MAC Field Scanner Season 6 Range 27 Column 11,PI152727
MAC Field Scanner Season 6 Range 27 Column 12,PI585461
MAC Field Scanner Season 6 Range 27 Column 13,PI329403
MAC Field Scanner Season 6 Range 27 Column 14,PI521290
MAC Field Scanner Season 6 Range 27 Column 15,PI329570
MAC Field Scanner Season 6 Range 27 Column 16,SP1516
MAC Field Scanner Season 6 Range 28 Column 1,SP1516
MAC Field Scanner Season 6 Range 28 Column 2,PI329645
MAC Field Scanner Season 6 Range 28 Column 3,PI152771
MAC Field Scanner Season 6 Range 28 Column 4,PI563196
MAC Field Scanner Season 6 Range 28 Column 5,PI155885
MAC Field Scanner Season 6 Range 28 Column 6,PI563009
MAC Field Scanner Season 6 Range 28 Column 7,PI521152
MAC Field Scanner Season 6 Range 28 Column 8,PI585961
MAC Field Scanner Season 6 Range 28 Column 9,PI646242
MAC Field Scanner Season 6 Range 28 Column 10,PI569427
MAC Field Scanner Season 6 Range 28 Column 11,PI455221
MAC Field Scanner Season 6 Range 28 Column 12,PI276837
MAC Field Scanner Season 6 Range 28 Column 13,PI329841
MAC Field Scanner Season 6 Range 28 Column 14,PI156463
MAC Field Scanner Season 6 Range 28 Column 15,PI641835
MAC Field Scanner Season 6 Range 28 Column 16,SP1516
MAC Field Scanner Season 6 Range 29 Column 1,SP1516
MAC Field Scanner Season 6 Range 29 Column 2,PI330803
MAC Field Scanner Season 6 Range 29 Column 3,PI152971
MAC Field Scanner Season 6 Range 29 Column 4,PI303658
MAC Field Scanner Season 6 Range 29 Column 5,PI511355
MAC Field Scanner Season 6 Range 29 Column 6,PI521019
MAC Field Scanner Season 6 Range 29 Column 7,PI152816
MAC Field Scanner Season 6 Range 29 Column 8,PI257600
MAC Field Scanner Season 6 Range 29 Column 9,PI145619
MAC Field Scanner Season 6 Range 29 Column 10,PI156871
MAC Field Scanner Season 6 Range 29 Column 11,PI643008
MAC Field Scanner Season 6 Range 29 Column 12,PI154846
MAC Field Scanner Season 6 Range 29 Column 13,PI570091
MAC Field Scanner Season 6 Range 29 Column 14,PI563006
MAC Field Scanner Season 6 Range 29 Column 15,PI525049
MAC Field Scanner Season 6 Range 29 Column 16,SP1516
MAC Field Scanner Season 6 Range 30 Column 1,SP1516
MAC Field Scanner Season 6 Range 30 Column 2,PI154988
MAC Field Scanner Season 6 Range 30 Column 3,PI197542
MAC Field Scanner Season 6 Range 30 Column 4,PI570106
MAC Field Scanner Season 6 Range 30 Column 5,PI656065
MAC Field Scanner Season 6 Range 30 Column 6,PI513898
MAC Field Scanner Season 6 Range 30 Column 7,PI217691
MAC Field Scanner Season 6 Range 30 Column 8,PI534165
MAC Field Scanner Season 6 Range 30 Column 9,PI562971
MAC Field Scanner Season 6 Range 30 Column 10,PI35038
MAC Field Scanner Season 6 Range 30 Column 11,PI534120
MAC Field Scanner Season 6 Range 30 Column 12,PI655972
MAC Field Scanner Season 6 Range 30 Column 13,PI535792
MAC Field Scanner Season 6 Range 30 Column 14,PI576401
MAC Field Scanner Season 6 Range 30 Column 15,PI641830
MAC Field Scanner Season 6 Range 30 Column 16,SP1516
MAC Field Scanner Season 6 Range 31 Column 1,SP1516
MAC Field Scanner Season 6 Range 31 Column 2,PI329843
MAC Field Scanner Season 6 Range 31 Column 3,PI653617
MAC Field Scanner Season 6 Range 31 Column 4,PI156487
MAC Field Scanner Season 6 Range 31 Column 5,PI514456
MAC Field Scanner Season 6 Range 31 Column 6,PI506069
MAC Field Scanner Season 6 Range 31 Column 7,PI152816
MAC Field Scanner Season 6 Range 31 Column 8,PI521280
MAC Field Scanner Season 6 Range 31 Column 9,PI329699
MAC Field Scanner Season 6 Range 31 Column 10,PI330181
MAC Field Scanner Season 6 Range 31 Column 11,PI329710
MAC Field Scanner Season 6 Range 31 Column 12,PI330184
MAC Field Scanner Season 6 Range 31 Column 13,PI562994
MAC Field Scanner Season 6 Range 31 Column 14,PI586541
MAC Field Scanner Season 6 Range 31 Column 15,PI562897
MAC Field Scanner Season 6 Range 31 Column 16,SP1516
MAC Field Scanner Season 6 Range 32 Column 1,SP1516
MAC Field Scanner Season 6 Range 32 Column 2,PI329632
MAC Field Scanner Season 6 Range 32 Column 3,PI329550
MAC Field Scanner Season 6 Range 32 Column 4,PI330196
MAC Field Scanner Season 6 Range 32 Column 5,PI641892
MAC Field Scanner Season 6 Range 32 Column 6,PI157035
MAC Field Scanner Season 6 Range 32 Column 7,PI196598
MAC Field Scanner Season 6 Range 32 Column 8,PI329310
MAC Field Scanner Season 6 Range 32 Column 9,PI92270
MAC Field Scanner Season 6 Range 32 Column 10,PI152961
MAC Field Scanner Season 6 Range 32 Column 11,PI329673
MAC Field Scanner Season 6 Range 32 Column 12,PI570096
MAC Field Scanner Season 6 Range 32 Column 13,PI257599
MAC Field Scanner Season 6 Range 32 Column 14,PI563222
MAC Field Scanner Season 6 Range 32 Column 15,PI337680
MAC Field Scanner Season 6 Range 32 Column 16,SP1516
MAC Field Scanner Season 6 Range 33 Column 1,SP1516
MAC Field Scanner Season 6 Range 33 Column 2,PI221651
MAC Field Scanner Season 6 Range 33 Column 3,PI329256
MAC Field Scanner Season 6 Range 33 Column 4,PI152923
MAC Field Scanner Season 6 Range 33 Column 5,PI570090
MAC Field Scanner Season 6 Range 33 Column 6,PI570110
MAC Field Scanner Season 6 Range 33 Column 7,PI583832
MAC Field Scanner Season 6 Range 33 Column 8,PI329480
MAC Field Scanner Season 6 Range 33 Column 9,PI455307
MAC Field Scanner Season 6 Range 33 Column 10,PI563332
MAC Field Scanner Season 6 Range 33 Column 11,PI569886
MAC Field Scanner Season 6 Range 33 Column 12,PI157030
MAC Field Scanner Season 6 Range 33 Column 13,PI641829
MAC Field Scanner Season 6 Range 33 Column 14,PI337689
MAC Field Scanner Season 6 Range 33 Column 15,PI156330
MAC Field Scanner Season 6 Range 33 Column 16,SP1516
MAC Field Scanner Season 6 Range 34 Column 1,SP1516
MAC Field Scanner Season 6 Range 34 Column 2,PI506030
MAC Field Scanner Season 6 Range 34 Column 3,PI641862
MAC Field Scanner Season 6 Range 34 Column 4,PI329570
MAC Field Scanner Season 6 Range 34 Column 5,PI562982
MAC Field Scanner Season 6 Range 34 Column 6,PI586435
MAC Field Scanner Season 6 Range 34 Column 7,PI297155
MAC Field Scanner Season 6 Range 34 Column 8,PI156217
MAC Field Scanner Season 6 Range 34 Column 9,PI569444
MAC Field Scanner Season 6 Range 34 Column 10,PI569419
MAC Field Scanner Season 6 Range 34 Column 11,PI329351
MAC Field Scanner Season 6 Range 34 Column 12,PI563020
MAC Field Scanner Season 6 Range 34 Column 13,PI297130
MAC Field Scanner Season 6 Range 34 Column 14,PI646251
MAC Field Scanner Season 6 Range 34 Column 15,PI641850
MAC Field Scanner Season 6 Range 34 Column 16,SP1516
MAC Field Scanner Season 6 Range 35 Column 1,SP1516
MAC Field Scanner Season 6 Range 35 Column 2,PI535785
MAC Field Scanner Season 6 Range 35 Column 3,PI329465
MAC Field Scanner Season 6 Range 35 Column 4,PI221548
MAC Field Scanner Season 6 Range 35 Column 5,PI651495
MAC Field Scanner Season 6 Range 35 Column 6,PI22913
MAC Field Scanner Season 6 Range 35 Column 7,PI297171
MAC Field Scanner Season 6 Range 35 Column 8,PI521290
MAC Field Scanner Season 6 Range 35 Column 9,PI570085
MAC Field Scanner Season 6 Range 35 Column 10,PI570074
MAC Field Scanner Season 6 Range 35 Column 11,PI176766
MAC Field Scanner Season 6 Range 35 Column 12,PI562997
MAC Field Scanner Season 6 Range 35 Column 13,PI156178
MAC Field Scanner Season 6 Range 35 Column 14,PI156393
MAC Field Scanner Season 6 Range 35 Column 15,PI570373
MAC Field Scanner Season 6 Range 35 Column 16,SP1516
MAC Field Scanner Season 6 Range 36 Column 1,SP1516
MAC Field Scanner Season 6 Range 36 Column 2,PI641807
MAC Field Scanner Season 6 Range 36 Column 3,PI152966
MAC Field Scanner Season 6 Range 36 Column 4,PI329665
MAC Field Scanner Season 6 Range 36 Column 5,PI570114
MAC Field Scanner Season 6 Range 36 Column 6,PI251672
MAC Field Scanner Season 6 Range 36 Column 7,PI22913
MAC Field Scanner Season 6 Range 36 Column 8,PI455280
MAC Field Scanner Season 6 Range 36 Column 9,PI452692
MAC Field Scanner Season 6 Range 36 Column 10,PI641815
MAC Field Scanner Season 6 Range 36 Column 11,PI154987
MAC Field Scanner Season 6 Range 36 Column 12,PI329584
MAC Field Scanner Season 6 Range 36 Column 13,PI570087
MAC Field Scanner Season 6 Range 36 Column 14,PI329711
MAC Field Scanner Season 6 Range 36 Column 15,PI453696
MAC Field Scanner Season 6 Range 36 Column 16,SP1516
MAC Field Scanner Season 6 Range 37 Column 1,SP1516
MAC Field Scanner Season 6 Range 37 Column 2,PI643016
MAC Field Scanner Season 6 Range 37 Column 3,PI152591
MAC Field Scanner Season 6 Range 37 Column 4,PI585577
MAC Field Scanner Season 6 Range 37 Column 5,PI569423
MAC Field Scanner Season 6 Range 37 Column 6,PI329510
MAC Field Scanner Season 6 Range 37 Column 7,PI562730
MAC Field Scanner Season 6 Range 37 Column 8,PI569264
MAC Field Scanner Season 6 Range 37 Column 9,PI455217
MAC Field Scanner Season 6 Range 37 Column 10,PI562732
MAC Field Scanner Season 6 Range 37 Column 11,PI196583
MAC Field Scanner Season 6 Range 37 Column 12,PI563350
MAC Field Scanner Season 6 Range 37 Column 13,PI653616
MAC Field Scanner Season 6 Range 37 Column 14,PI152727
MAC Field Scanner Season 6 Range 37 Column 15,PI562990
MAC Field Scanner Season 6 Range 37 Column 16,SP1516
MAC Field Scanner Season 6 Range 38 Column 1,SP1516
MAC Field Scanner Season 6 Range 38 Column 2,PI329541
MAC Field Scanner Season 6 Range 38 Column 3,PI329473
MAC Field Scanner Season 6 Range 38 Column 4,PI146890
MAC Field Scanner Season 6 Range 38 Column 5,PI570076
MAC Field Scanner Season 6 Range 38 Column 6,PI641824
MAC Field Scanner Season 6 Range 38 Column 7,PI651491
MAC Field Scanner Season 6 Range 38 Column 8,PI570145
MAC Field Scanner Season 6 Range 38 Column 9,PI213900
MAC Field Scanner Season 6 Range 38 Column 10,PI255239
MAC Field Scanner Season 6 Range 38 Column 11,PI152967
MAC Field Scanner Season 6 Range 38 Column 12,PI570038
MAC Field Scanner Season 6 Range 38 Column 13,PI506122
MAC Field Scanner Season 6 Range 38 Column 14,PI154944
MAC Field Scanner Season 6 Range 38 Column 15,PI656035
MAC Field Scanner Season 6 Range 38 Column 16,SP1516
MAC Field Scanner Season 6 Range 39 Column 1,SP1516
MAC Field Scanner Season 6 Range 39 Column 2,PI563331
MAC Field Scanner Season 6 Range 39 Column 3,PI156268
MAC Field Scanner Season 6 Range 39 Column 4,PI330195
MAC Field Scanner Season 6 Range 39 Column 5,PI153877
MAC Field Scanner Season 6 Range 39 Column 6,PI167093
MAC Field Scanner Season 6 Range 39 Column 7,PI329300
MAC Field Scanner Season 6 Range 39 Column 8,PI569460
MAC Field Scanner Season 6 Range 39 Column 9,PI154844
MAC Field Scanner Season 6 Range 39 Column 10,PI330833
MAC Field Scanner Season 6 Range 39 Column 11,PI570388
MAC Field Scanner Season 6 Range 39 Column 12,PI569447
MAC Field Scanner Season 6 Range 39 Column 13,PI329865
MAC Field Scanner Season 6 Range 39 Column 14,PI566819
MAC Field Scanner Season 6 Range 39 Column 15,PI573193
MAC Field Scanner Season 6 Range 39 Column 16,SP1516
MAC Field Scanner Season 6 Range 40 Column 1,SP1516
MAC Field Scanner Season 6 Range 40 Column 2,PI196586
MAC Field Scanner Season 6 Range 40 Column 3,PI455301
MAC Field Scanner Season 6 Range 40 Column 4,PI585406
MAC Field Scanner Season 6 Range 40 Column 5,PI452542
MAC Field Scanner Season 6 Range 40 Column 6,PI63715
MAC Field Scanner Season 6 Range 40 Column 7,PI155516
MAC Field Scanner Season 6 Range 40 Column 8,PI620072
MAC Field Scanner Season 6 Range 40 Column 9,PI330199
MAC Field Scanner Season 6 Range 40 Column 10,PI330182
MAC Field Scanner Season 6 Range 40 Column 11,PI175919
MAC Field Scanner Season 6 Range 40 Column 12,PI569420
MAC Field Scanner Season 6 Range 40 Column 13,PI156871
MAC Field Scanner Season 6 Range 40 Column 14,PI585608
MAC Field Scanner Season 6 Range 40 Column 15,PI655983
MAC Field Scanner Season 6 Range 40 Column 16,SP1516
MAC Field Scanner Season 6 Range 41 Column 1,SP1516
MAC Field Scanner Season 6 Range 41 Column 2,PI329545
MAC Field Scanner Season 6 Range 41 Column 3,PI505717
MAC Field Scanner Season 6 Range 41 Column 4,PI562985
MAC Field Scanner Season 6 Range 41 Column 5,PI329519
MAC Field Scanner Season 6 Range 41 Column 6,PI330796
MAC Field Scanner Season 6 Range 41 Column 7,PI329471
MAC Field Scanner Season 6 Range 41 Column 8,PI329517
MAC Field Scanner Season 6 Range 41 Column 9,PI329864
MAC Field Scanner Season 6 Range 41 Column 10,PI563021
MAC Field Scanner Season 6 Range 41 Column 11,PI144134
MAC Field Scanner Season 6 Range 41 Column 12,PI329517
MAC Field Scanner Season 6 Range 41 Column 13,PI152694
MAC Field Scanner Season 6 Range 41 Column 14,PI641860
MAC Field Scanner Season 6 Range 41 Column 15,PI585954
MAC Field Scanner Season 6 Range 41 Column 16,SP1516
MAC Field Scanner Season 6 Range 42 Column 1,SP1516
MAC Field Scanner Season 6 Range 42 Column 2,PI641825
MAC Field Scanner Season 6 Range 42 Column 3,PI330807
MAC Field Scanner Season 6 Range 42 Column 4,PI329614
MAC Field Scanner Season 6 Range 42 Column 5,PI535794
MAC Field Scanner Season 6 Range 42 Column 6,PI527045
MAC Field Scanner Season 6 Range 42 Column 7,PI562981
MAC Field Scanner Season 6 Range 42 Column 8,PI576399
MAC Field Scanner Season 6 Range 42 Column 9,PI329506
MAC Field Scanner Season 6 Range 42 Column 10,PI533998
MAC Field Scanner Season 6 Range 42 Column 11,PI655978
MAC Field Scanner Season 6 Range 42 Column 12,PI570073
MAC Field Scanner Season 6 Range 42 Column 13,PI152965
MAC Field Scanner Season 6 Range 42 Column 14,PI585966
MAC Field Scanner Season 6 Range 42 Column 15,PI569422
MAC Field Scanner Season 6 Range 42 Column 16,SP1516
MAC Field Scanner Season 6 Range 43 Column 1,SP1516
MAC Field Scanner Season 6 Range 43 Column 2,PI510757
MAC Field Scanner Season 6 Range 43 Column 3,PI563338
MAC Field Scanner Season 6 Range 43 Column 4,PI329333
MAC Field Scanner Season 6 Range 43 Column 5,PI563355
MAC Field Scanner Season 6 Range 43 Column 6,PI155760
MAC Field Scanner Season 6 Range 43 Column 7,PI563032
MAC Field Scanner Season 6 Range 43 Column 8,PI329394
MAC Field Scanner Season 6 Range 43 Column 9,PI329319
MAC Field Scanner Season 6 Range 43 Column 10,PI152733
MAC Field Scanner Season 6 Range 43 Column 11,PI154750
MAC Field Scanner Season 6 Range 43 Column 12,PI196049
MAC Field Scanner Season 6 Range 43 Column 13,PI329338
MAC Field Scanner Season 6 Range 43 Column 14,PI563329
MAC Field Scanner Season 6 Range 43 Column 15,PI330169
MAC Field Scanner Season 6 Range 43 Column 16,SP1516
MAC Field Scanner Season 6 Range 44 Column 1,SP1516
MAC Field Scanner Season 6 Range 44 Column 2,PI641817
MAC Field Scanner Season 6 Range 44 Column 3,PI533902
MAC Field Scanner Season 6 Range 44 Column 4,PI656015
MAC Field Scanner Season 6 Range 44 Column 5,PI535796
MAC Field Scanner Season 6 Range 44 Column 6,PI620157
MAC Field Scanner Season 6 Range 44 Column 7,PI646266
MAC Field Scanner Season 6 Range 44 Column 8,PI585467
MAC Field Scanner Season 6 Range 44 Column 9,PI52606
MAC Field Scanner Season 6 Range 44 Column 10,PI329501
MAC Field Scanner Season 6 Range 44 Column 11,PI35038
MAC Field Scanner Season 6 Range 44 Column 12,PI329326
MAC Field Scanner Season 6 Range 44 Column 13,PI524475
MAC Field Scanner Season 6 Range 44 Column 14,PI526905
MAC Field Scanner Season 6 Range 44 Column 15,PI569445
MAC Field Scanner Season 6 Range 44 Column 16,SP1516
MAC Field Scanner Season 6 Range 45 Column 1,SP1516
MAC Field Scanner Season 6 Range 45 Column 2,PI329546
MAC Field Scanner Season 6 Range 45 Column 3,PI329646
MAC Field Scanner Season 6 Range 45 Column 4,PI229841
MAC Field Scanner Season 6 Range 45 Column 5,PI330185
MAC Field Scanner Season 6 Range 45 Column 6,PI569462
MAC Field Scanner Season 6 Range 45 Column 7,PI569465
MAC Field Scanner Season 6 Range 45 Column 8,PI562998
MAC Field Scanner Season 6 Range 45 Column 9,PI585452
MAC Field Scanner Season 6 Range 45 Column 10,PI569458
MAC Field Scanner Season 6 Range 45 Column 11,PI563330
MAC Field Scanner Season 6 Range 45 Column 12,PI562970
MAC Field Scanner Season 6 Range 45 Column 13,PI569244
MAC Field Scanner Season 6 Range 45 Column 14,PI641810
MAC Field Scanner Season 6 Range 45 Column 15,PI330858
MAC Field Scanner Season 6 Range 45 Column 16,SP1516
MAC Field Scanner Season 6 Range 46 Column 1,SP1516
MAC Field Scanner Season 6 Range 46 Column 2,PI535795
MAC Field Scanner Season 6 Range 46 Column 3,PI180348
MAC Field Scanner Season 6 Range 46 Column 4,PI570071
MAC Field Scanner Season 6 Range 46 Column 5,PI329478
MAC Field Scanner Season 6 Range 46 Column 6,PI152651
MAC Field Scanner Season 6 Range 46 Column 7,PI593916
MAC Field Scanner Season 6 Range 46 Column 8,PI570109
MAC Field Scanner Season 6 Range 46 Column 9,PI564163
MAC Field Scanner Season 6 Range 46 Column 10,PI561840
MAC Field Scanner Season 6 Range 46 Column 11,PI641909
MAC Field Scanner Season 6 Range 46 Column 12,PI655972
MAC Field Scanner Season 6 Range 46 Column 13,PI563002
MAC Field Scanner Season 6 Range 46 Column 14,PI329518
MAC Field Scanner Season 6 Range 46 Column 15,PI569421
MAC Field Scanner Season 6 Range 46 Column 16,SP1516
MAC Field Scanner Season 6 Range 47 Column 1,SP1516
MAC Field Scanner Season 6 Range 47 Column 2,PI585454
MAC Field Scanner Season 6 Range 47 Column 3,PI570431
MAC Field Scanner Season 6 Range 47 Column 4,PI329605
MAC Field Scanner Season 6 Range 47 Column 5,PI156326
MAC Field Scanner Season 6 Range 47 Column 6,PI642998
MAC Field Scanner Season 6 Range 47 Column 7,PI569148
MAC Field Scanner Season 6 Range 47 Column 8,PI569097
MAC Field Scanner Season 6 Range 47 Column 9,PI619838
MAC Field Scanner Season 6 Range 47 Column 10,PI569453
MAC Field Scanner Season 6 Range 47 Column 11,PI152730
MAC Field Scanner Season 6 Range 47 Column 12,PI505722
MAC Field Scanner Season 6 Range 47 Column 13,PI302252
MAC Field Scanner Season 6 Range 47 Column 14,PI229841
MAC Field Scanner Season 6 Range 47 Column 15,PI145626
MAC Field Scanner Season 6 Range 47 Column 16,SP1516
MAC Field Scanner Season 6 Range 48 Column 1,SP1516
MAC Field Scanner Season 6 Range 48 Column 2,PI570031
MAC Field Scanner Season 6 Range 48 Column 3,PI569452
MAC Field Scanner Season 6 Range 48 Column 4,PI570075
MAC Field Scanner Season 6 Range 48 Column 5,PI145633
MAC Field Scanner Season 6 Range 48 Column 6,PI651496
MAC Field Scanner Season 6 Range 48 Column 7,PI619807
MAC Field Scanner Season 6 Range 48 Column 8,PI273465
MAC Field Scanner Season 6 Range 48 Column 9,PI562781
MAC Field Scanner Season 6 Range 48 Column 10,PI329403
MAC Field Scanner Season 6 Range 48 Column 11,PI570254
MAC Field Scanner Season 6 Range 48 Column 12,PI273969
MAC Field Scanner Season 6 Range 48 Column 13,PI562991
MAC Field Scanner Season 6 Range 48 Column 14,PI569455
MAC Field Scanner Season 6 Range 48 Column 15,PI329585
MAC Field Scanner Season 6 Range 48 Column 16,SP1516
MAC Field Scanner Season 6 Range 49 Column 1,SP1516
MAC Field Scanner Season 6 Range 49 Column 2,PI641807
MAC Field Scanner Season 6 Range 49 Column 3,PI156890
MAC Field Scanner Season 6 Range 49 Column 4,PI570400
MAC Field Scanner Season 6 Range 49 Column 5,PI585461
MAC Field Scanner Season 6 Range 49 Column 6,PI329466
MAC Field Scanner Season 6 Range 49 Column 7,PI329702
MAC Field Scanner Season 6 Range 49 Column 8,PI569457
MAC Field Scanner Season 6 Range 49 Column 9,PI329286
MAC Field Scanner Season 6 Range 49 Column 10,PI329618
MAC Field Scanner Season 6 Range 49 Column 11,PI651497
MAC Field Scanner Season 6 Range 49 Column 12,PI506114
MAC Field Scanner Season 6 Range 49 Column 13,PI329511
MAC Field Scanner Season 6 Range 49 Column 14,PI152862
MAC Field Scanner Season 6 Range 49 Column 15,PI329301
MAC Field Scanner Season 6 Range 49 Column 16,SP1516
MAC Field Scanner Season 6 Range 50 Column 1,SP1516
MAC Field Scanner Season 6 Range 50 Column 2,PI641821
MAC Field Scanner Season 6 Range 50 Column 3,PI540518
MAC Field Scanner Season 6 Range 50 Column 4,PI656026
MAC Field Scanner Season 6 Range 50 Column 5,PI570042
MAC Field Scanner Season 6 Range 50 Column 6,PI569443
MAC Field Scanner Season 6 Range 50 Column 7,PI218112
MAC Field Scanner Season 6 Range 50 Column 8,PI330196
MAC Field Scanner Season 6 Range 50 Column 9,PI329435
MAC Field Scanner Season 6 Range 50 Column 10,PI651491
MAC Field Scanner Season 6 Range 50 Column 11,PI535796
MAC Field Scanner Season 6 Range 50 Column 12,PI569090
MAC Field Scanner Season 6 Range 50 Column 13,PI152828
MAC Field Scanner Season 6 Range 50 Column 14,PI641836
MAC Field Scanner Season 6 Range 50 Column 15,PI179749
MAC Field Scanner Season 6 Range 50 Column 16,SP1516
MAC Field Scanner Season 6 Range 51 Column 1,SP1516
MAC Field Scanner Season 6 Range 51 Column 2,PI19770
MAC Field Scanner Season 6 Range 51 Column 3,PI157804
MAC Field Scanner Season 6 Range 51 Column 4,PI152860
MAC Field Scanner Season 6 Range 51 Column 5,PI563022
MAC Field Scanner Season 6 Range 51 Column 6,PI267573
MAC Field Scanner Season 6 Range 51 Column 7,PI620157
MAC Field Scanner Season 6 Range 51 Column 8,PI452619
MAC Field Scanner Season 6 Range 51 Column 9,PI505735
MAC Field Scanner Season 6 Range 51 Column 10,PI170787
MAC Field Scanner Season 6 Range 51 Column 11,PI266927
MAC Field Scanner Season 6 Range 51 Column 12,PI329644
MAC Field Scanner Season 6 Range 51 Column 13,PI569418
MAC Field Scanner Season 6 Range 51 Column 14,PI195754
MAC Field Scanner Season 6 Range 51 Column 15,PI563295
MAC Field Scanner Season 6 Range 51 Column 16,SP1516
MAC Field Scanner Season 6 Range 52 Column 1,SP1516
MAC Field Scanner Season 6 Range 52 Column 2,SP1516
MAC Field Scanner Season 6 Range 52 Column 3,SP1516
MAC Field Scanner Season 6 Range 52 Column 4,SP1516
MAC Field Scanner Season 6 Range 52 Column 5,SP1516
MAC Field Scanner Season 6 Range 52 Column 6,SP1516
MAC Field Scanner Season 6 Range 52 Column 7,SP1516
MAC Field Scanner Season 6 Range 52 Column 8,SP1516
MAC Field Scanner Season 6 Range 52 Column 9,PI329440
MAC Field Scanner Season 6 Range 52 Column 10,PI329440
MAC Field Scanner Season 6 Range 52 Column 11,SP1516
MAC Field Scanner Season 6 Range 52 Column 12,SP1516
MAC Field Scanner Season 6 Range 52 Column 13,SP1516
MAC Field Scanner Season 6 Range 52 Column 14,SP1516
MAC Field Scanner Season 6 Range 52 Column 15,SP1516
MAC Field Scanner Season 6 Range 52 Column 16,SP1516
MAC Field Scanner Season 6 Range 53 Column 1,SP1516
MAC Field Scanner Season 6 Range 53 Column 2,SP1516
MAC Field Scanner Season 6 Range 53 Column 3,SP1516
MAC Field Scanner Season 6 Range 53 Column 4,SP1516
MAC Field Scanner Season 6 Range 53 Column 5,SP1516
MAC Field Scanner Season 6 Range 53 Column 6,SP1516
MAC Field Scanner Season 6 Range 53 Column 7,SP1516
MAC Field Scanner Season 6 Range 53 Column 8,SP1516
MAC Field Scanner Season 6 Range 53 Column 9,SP1516
MAC Field Scanner Season 6 Range 53 Column 10,PI329440
MAC Field Scanner Season 6 Range 53 Column 11,PI329440
MAC Field Scanner Season 6 Range 53 Column 12,SP1516
MAC Field Scanner Season 6 Range 53 Column 13,SP1516
MAC Field Scanner Season 6 Range 53 Column 14,SP1516
MAC Field Scanner Season 6 Range 53 Column 15,SP1516
MAC Field Scanner Season 6 Range 53 Column 16,SP1516
MAC Field Scanner Season 6 Range 54 Column 1,SP1516
MAC Field Scanner Season 6 Range 54 Column 2,SP1516
MAC Field Scanner Season 6 Range 54 Column 3,SP1516
MAC Field Scanner Season 6 Range 54 Column 4,SP1516
MAC Field Scanner Season 6 Range 54 Column 5,SP1516
MAC Field Scanner Season 6 Range 54 Column 6,SP1516
MAC Field Scanner Season 6 Range 54 Column 7,SP1516
MAC Field Scanner Season 6 Range 54 Column 8,SP1516
MAC Field Scanner Season 6 Range 54 Column 9,SP1516
MAC Field Scanner Season 6 Range 54 Column 10,SP1516
MAC Field Scanner Season 6 Range 54 Column 11,SP1516
MAC Field Scanner Season 6 Range 54 Column 12,SP1516
MAC Field Scanner Season 6 Range 54 Column 13,SP1516
MAC Field Scanner Season 6 Range 54 Column 14,SP1516
MAC Field Scanner Season 6 Range 54 Column 15,SP1516
MAC Field Scanner Season 6 Range 54 Column 16,SP1516